{
  "dimension": "valence",
  "model": "tsception",
  "evaluation": "subject-dependent (80/20 temporal split per subject)",
  "mean_accuracy": 0.7807945194451705,
  "std_accuracy": 0.09816694617702965,
  "per_subject": {
    "1": 0.843137264251709,
    "2": 0.8445945978164673,
    "3": 0.6693711876869202,
    "4": 0.9932432174682617,
    "5": 0.9716216325759888,
    "6": 0.5804054141044617,
    "7": 0.8005409240722656,
    "8": 0.7966216206550598,
    "9": 0.6499999761581421,
    "10": 0.7060810923576355,
    "11": 0.7322515249252319,
    "12": 0.6768086552619934,
    "13": 0.8972278833389282,
    "14": 0.6991209983825684,
    "15": 0.8187964558601379,
    "16": 0.8500000238418579,
    "17": 0.7775524258613586,
    "18": 0.8560810685157776,
    "19": 0.7478025555610657,
    "20": 0.8404327034950256,
    "21": 0.7423934936523438,
    "22": 0.7263513803482056,
    "23": 0.7378378510475159
  },
  "best_checkpoint": "/Users/lin/Desktop/6.S985/Project/neuromusic/checkpoints/dreamer/valence/tsception/best-epoch=46-val_acc=0.7848.ckpt"
}