{
  "dimension": "arousal",
  "model": "tsception",
  "evaluation": "subject-dependent (80/20 temporal split per subject)",
  "mean_accuracy": 0.7723236109899438,
  "std_accuracy": 0.08035330249340299,
  "per_subject": {
    "1": 0.7939189076423645,
    "2": 0.6524679064750671,
    "3": 0.6673427820205688,
    "4": 0.9486486315727234,
    "5": 0.8336713910102844,
    "6": 0.6612576246261597,
    "7": 0.8121621608734131,
    "8": 0.762837827205658,
    "9": 0.745945930480957,
    "10": 0.7358108162879944,
    "11": 0.5990534424781799,
    "12": 0.6817567348480225,
    "13": 0.8527026772499084,
    "14": 0.8444895148277283,
    "15": 0.8519269824028015,
    "16": 0.7856659889221191,
    "17": 0.7844594717025757,
    "18": 0.8081080913543701,
    "19": 0.8358108401298523,
    "20": 0.8256756663322449,
    "21": 0.6959459185600281,
    "22": 0.7770270109176636,
    "23": 0.8067567348480225
  },
  "best_checkpoint": "/Users/lin/Desktop/6.S985/Project/neuromusic/checkpoints/dreamer/arousal/tsception/best-epoch=33-val_acc=0.7643.ckpt"
}